Metric,Raw_GPS,Smoothed_GPS
n_points,369.0,369.0
mean_m,2.297611575114986,2.4124148299268593
rms_m,3.2323041575819067,3.3414873519193615
std_m,2.2765800646975283,2.315236277618243
median_m,2.044321133784191,2.228992762267664
p75_m,3.4778370611266363,3.408870809723849
p90_m,4.1591988142450775,4.153189322851986
p95_m,4.720997783998505,4.843468889931508
p99_m,6.252208848450353,12.674467771882966
min_m,0.015272183612927212,0.020606187855935612
max_m,25.891730040269742,19.989967237427493
