Metric,Raw_GPS,Smoothed_GPS
n_points,369.0,369.0
mean_m,2.297611575114986,2.459211729375316
rms_m,3.2323041575819067,3.3630505336046674
std_m,2.2765800646975283,2.297103943047493
median_m,2.044321133784191,2.221497838772072
p75_m,3.4778370611266363,3.440932292342609
p90_m,4.1591988142450775,4.375028519076561
p95_m,4.720997783998505,5.175617005291704
p99_m,6.252208848450353,13.160453776187447
min_m,0.015272183612927212,0.003245825248180239
max_m,25.891730040269742,20.288744413495614
