Metric,Raw_GPS,Smoothed_GPS
n_points,369.0,369.0
mean_m,2.297611575114986,2.5422381539443664
rms_m,3.2323041575819067,3.4356535616087984
std_m,2.2765800646975283,2.3141420539785837
median_m,2.044321133784191,2.2724363166742876
p75_m,3.4778370611266363,3.583087791023704
p90_m,4.1591988142450775,4.6163943102217875
p95_m,4.720997783998505,5.572465876975067
p99_m,6.252208848450353,13.192281517412665
min_m,0.015272183612927212,0.007917972661263081
max_m,25.891730040269742,16.728694279842102
