Metric,Raw_GPS,Smoothed_GPS
n_points,369.0,369.0
mean_m,2.297611575114986,2.4960180528504083
rms_m,3.2323041575819067,3.3592437336564878
std_m,2.2765800646975283,2.2512545742545096
median_m,2.044321133784191,2.2014013669073758
p75_m,3.4778370611266363,3.5277062344772574
p90_m,4.1591988142450775,4.5277756981982495
p95_m,4.720997783998505,5.259176705198954
p99_m,6.252208848450353,12.135681102381305
min_m,0.015272183612927212,0.06712926667680787
max_m,25.891730040269742,17.523782428131238
