Metric,Raw_GPS,Smoothed_GPS
n_points,672.0,672.0
mean_m,2.7025078443418176,2.730606612848887
rms_m,3.3566159131137914,3.405777759285801
std_m,1.9922922298737433,2.036979185356002
median_m,2.519625796851254,2.4720990661515447
p75_m,3.9423902234498884,4.044894957191445
p90_m,5.076936496511997,5.300292882833949
p95_m,6.358887868675899,6.311221354150113
p99_m,8.182692314495844,8.359592625826282
min_m,0.005664347770377861,0.003120769016087168
max_m,11.613454481826055,11.442418671780324
