Metric,Raw_GPS,Smoothed_GPS
n_points,672.0,672.0
mean_m,2.7025078443418176,2.7528037603835216
rms_m,3.3566159131137914,3.432772380068199
std_m,1.9922922298737433,2.0523805502486856
median_m,2.519625796851254,2.4776852612868643
p75_m,3.9423902234498884,4.047727654453327
p90_m,5.076936496511997,5.457502812993335
p95_m,6.358887868675899,6.392215816093935
p99_m,8.182692314495844,8.33196431090069
min_m,0.005664347770377861,6.704100035937098e-05
max_m,11.613454481826055,11.406154833846717
