Metric,Raw_GPS,Smoothed_GPS
n_points,672.0,672.0
mean_m,165.25184483621956,165.23657098182449
rms_m,239.7244534455821,239.71845607640864
std_m,173.7946738613312,173.80093306997003
median_m,109.60118718814758,109.45459149312393
p75_m,297.39495848124545,299.2076778210178
p90_m,441.2595720557263,441.62655828812495
p95_m,507.75872069557767,507.2304834035309
p99_m,599.8174631623864,598.7582557087225
min_m,0.1972856896852361,0.034123072540663116
max_m,610.5186988989336,611.0550969528899
