Metric,Raw_GPS,Smoothed_GPS
n_points,672.0,672.0
mean_m,2.7025078443418176,2.707122578894787
rms_m,3.3566159131137914,3.3570217708815178
std_m,1.9922922298737433,1.9866947323075694
median_m,2.519625796851254,2.4838207030114514
p75_m,3.9423902234498884,3.977589912115341
p90_m,5.076936496511997,5.088609607292932
p95_m,6.358887868675899,6.230391740152331
p99_m,8.182692314495844,8.37006400080331
min_m,0.005664347770377861,0.004142232354015545
max_m,11.613454481826055,11.538614595514524
