Metric,Raw_GPS,Smoothed_GPS
n_points,672.0,672.0
mean_m,877.4303319863975,877.2964614288392
rms_m,910.8575607099716,910.699279892044
std_m,244.6765121719004,244.56717841257645
median_m,847.1287576096173,846.3256096453284
p75_m,1069.065999822902,1068.277254671741
p90_m,1274.2647173972598,1274.5388213329957
p95_m,1288.7335331973472,1288.1111070908196
p99_m,1302.3833739872232,1302.3595614891071
min_m,497.3911678278658,497.3985197996039
max_m,1306.647403032918,1305.8069509617692
