Metric,Raw_GPS,Smoothed_GPS
n_points,436.0,436.0
mean_m,780.7851014928128,780.7339800410787
rms_m,907.8176846739976,907.7517345394493
std_m,463.68167394586726,463.63853709669854
median_m,724.8150688224828,722.071538467286
p75_m,1111.8065189236231,1111.9386406687788
p90_m,1480.554873932625,1480.7955885835077
p95_m,1677.509861808922,1678.1523240899253
p99_m,1684.446150658374,1684.3894976907793
min_m,4.834550732944374,2.9734261861024565
max_m,1685.2159701023133,1685.0287711127987
