Metric,Raw_GPS,Smoothed_GPS
n_points,683.0,683.0
mean_m,5.554008451898012,5.3839522812774545
rms_m,10.818530988992155,10.563397001129466
std_m,9.290854990686201,9.095027546986318
median_m,2.660917736987651,2.5964558851582105
p75_m,4.731959329731628,4.599494714051991
p90_m,9.698065905730687,8.961119100480431
p95_m,32.386846683460135,30.378185555196353
p99_m,42.47969965269267,42.45016415522447
min_m,0.0008389926436102197,0.0007226191834971335
max_m,45.454470317112225,45.358950698386955
